{
  "runtime": "$(Runtime)",
  "documentGenerator": {
    "fromDocument": {
      "url": "$(Input)",
      "output": null,
      "newLineBehavior": "Auto"
    }
  },
  "codeGenerators": {
    "openApiToCSharpController": {
      "controllerBaseClass": null,
      "controllerStyle": "Partial",
      "controllerTarget": "AspNetCore",
      "useCancellationToken": false,
      "useActionResultType": false,
      "generateModelValidationAttributes": false,
      "routeNamingStrategy": "None",
      "basePath": "workload",
      "className": "{controller}",
      "operationGenerationMode": "MultipleClientsFromOperationId",
      "additionalNamespaceUsages": [],
      "additionalContractNamespaceUsages": [],
      "generateOptionalParameters": false,
      "generateJsonMethods": false,
      "enforceFlagEnums": false,
      "parameterArrayType": "System.Collections.Generic.IEnumerable",
      "parameterDictionaryType": "System.Collections.Generic.IDictionary",
      "responseArrayType": "System.Collections.Generic.ICollection",
      "responseDictionaryType": "System.Collections.Generic.IDictionary",
      "wrapResponses": false,
      "wrapResponseMethods": [],
      "generateResponseClasses": true,
      "responseClass": "SwaggerResponse",
      "namespace": "Fabric_Extension_BE_Boilerplate.Contracts.FabricAPI.Workload",
      "requiredPropertiesMustBeDefined": true,
      "dateType": "System.DateTimeOffset",
      "jsonConverters": null,
      "anyType": "object",
      "dateTimeType": "System.DateTimeOffset",
      "timeType": "System.TimeSpan",
      "timeSpanType": "System.TimeSpan",
      "arrayType": "System.Collections.Generic.IList",
      "arrayInstanceType": "System.Collections.Generic.List",
      "dictionaryType": "System.Collections.Generic.IDictionary",
      "dictionaryInstanceType": "System.Collections.Generic.Dictionary",
      "arrayBaseType": "System.Collections.ObjectModel.Collection",
      "dictionaryBaseType": "System.Collections.Generic.Dictionary",
      "classStyle": "Poco",
      "jsonLibrary": "NewtonsoftJson",
      "generateDefaultValues": true,
      "generateDataAnnotations": true,
      "excludedParameterNames": [
        "ActivityId",
        "RequestId",
        "Authorization",
        "x-ms-client-tenant-id"
      ],
      "handleReferences": false,
      "generateImmutableArrayProperties": false,
      "generateImmutableDictionaryProperties": false,
      "jsonSerializerSettingsTransformationMethod": null,
      "inlineNamedArrays": false,
      "inlineNamedDictionaries": false,
      "inlineNamedTuples": true,
      "inlineNamedAny": false,
      "generateDtoTypes": true,
      "generateOptionalPropertiesAsNullable": false,
      "generateNullableReferenceTypes": false,
      "templateDirectory": null,
      "typeNameGeneratorType": null,
      "propertyNameGeneratorType": null,
      "enumNameGeneratorType": null,
      "serviceHost": null,
      "serviceSchemes": null,
      "output": "$(Output)",
      "newLineBehavior": "Auto"
    }
  }
}